timestamp,temp_c,humidity_pct,pct_weight,days_left,grade,impact_total,event
2026-09-16 01:29:28,0,-,-,-,-,-,-
2026-09-16 01:29:34,0,0,00,-,-,-,-
2026-09-16 01:29:41,0H=0,-,0,,-,-,-
2026-09-16 01:29:48,0,,-,-,-,-,-
2026-09-16 01:29:57,-,-,100,-,-,-,-
2026-09-16 01:30:02,0H=0,-,100Das,-,-,-,-
2026-09-16 01:30:08,0H0,-,00,-,-,-,-
2026-09-16 01:30:15,0,0W100,-,-,-,-,-
2026-09-16 01:30:24,0H=0,-,100,,-,-,-
2026-09-16 01:30:29,-,0,-,,-,-,-
2026-09-16 01:30:36,0,0,10Das=,-,-,-,-
2026-09-16 01:30:42,-,-,-,,-,-,-
2026-09-16 01:30:49,0,0,-,-,-,-,-
2026-09-16 01:30:56,,,-,-,-,-,-
2026-09-16 01:31:03,0,-,-,-,-,-,-
2026-09-16 01:31:10,0,0,100,-,-,-,-
2026-09-16 01:31:16,-,-,0,,-,-,-
2026-09-16 01:31:23,-,,100,-,-,-,-
2026-09-16 01:31:30,0,0,100,-,-,-,-
2026-09-16 01:31:37,0H=0,-,-,-,-,-,-
2026-09-16 01:31:44,0,0,-,-,-,-,-
2026-09-16 01:31:50,0,-,10,-,-,-,-
2026-09-16 01:31:57,0,-,10,-,-,-,-
2026-09-16 01:32:06,0,-,100Days=,-,-,-,-
2026-09-16 01:32:11,,-,-,-,-,-,-
2026-09-16 01:32:18,0,0,-,-,-,-,-
2026-09-16 01:32:24,0H=0,-,-,,-,-,-
2026-09-16 01:32:31,0,-,-,,-,-,-
2026-09-16 01:32:38,-,0W=100,-,-,-,-,-
2026-09-16 01:32:45,-,-,-,-,-,-,-
2026-09-16 01:34:22,0,-,-,,-,-,-
2026-09-16 01:34:27,0,-,-,-,-,-,-
2026-09-16 01:34:34,-,0,-,,-,-,-
2026-09-16 01:34:40,-,-,00,,-,-,-
2026-09-16 01:34:47,0H=0,-,100Days=,-,-,-,-
2026-09-16 01:34:54,0,0,00,-,-,-,-
2026-09-16 01:35:03,-,0,-,,-,-,-
2026-09-16 01:35:08,0,-,10Das=,-,-,-,-
2026-09-16 01:35:16,0H=,-,-,,-,-,-
2026-09-16 01:35:21,,-,-,-,-,-,-
2026-09-16 01:35:28,0H0,-,10,-,-,-,-
2026-09-16 01:35:35,-,-,-,-,-,-,-
2026-09-16 01:35:42,-,0W=10,-,,-,-,-
2026-09-16 01:35:48,0,-,-,-,-,-,-
2026-09-16 01:35:51,0,-,-,-,-,-,-
2026-09-16 01:36:00,0H=0W=100,-,-,-,-,-,-
2026-09-16 01:36:07,,0W100,-,-,-,-,-
2026-09-16 01:36:11,-,-,10,,-,-,-
2026-09-16 01:36:18,0,-,10,,-,-,-
2026-09-16 01:59:54,-999,-99,-,-,-,-,-
2026-09-16 02:00:20,-99,-,-,-,-,-,-
2026-09-16 20:13:20,31.5,73.4,100,-,-,-,-
2026-09-16 20:13:27,31.5,73.4,100,-,-,-,-
2026-09-16 20:13:34,31.6,73.1,100,-,-,-,-
2026-09-16 20:13:41,31.6,73.1,100,-,-,-,-
2026-09-16 20:13:47,31.6,73.1,100,-,-,-,-
2026-09-16 20:13:54,31.6,73.1,100,-,-,-,-
2026-09-16 20:14:01,31.6,73.1,100,-,-,-,-
2026-09-16 20:14:08,31.6,73.1,100,-,-,-,-
2026-09-16 20:14:15,31.6,72.9,100,-,-,-,-
2026-09-16 20:14:21,31.6,72.9,100,-,-,-,-
2026-09-16 20:14:28,31.7,72.8,100,-,-,-,-
2026-09-16 20:14:35,31.6,72.7,100,-,-,-,-
2026-09-16 20:14:42,31.7,72.7,100,-,-,-,-
2026-09-16 20:14:49,31.7,72.7,100,-,-,-,-
2026-09-16 20:14:55,31.7,72.7,100,-,-,-,-
2026-09-16 20:15:02,31.7,72.7,100,-,-,-,-
2026-09-16 20:15:09,31.7,72.7,100,-,-,-,-
2026-09-16 20:15:16,31.7,72.7,100,-,-,-,-
2026-09-16 20:15:23,31.7,72.7,100,-,-,-,-
2026-09-16 20:15:29,31.7,72.7,100,-,-,-,-
2026-09-16 20:15:36,31.7,72.7,100,-,-,-,-
2026-09-16 20:15:43,31.7,72.7,100,-,-,-,-
2026-09-16 20:15:50,31.7,72.7,100,-,-,-,-
2026-09-16 20:15:57,31.7,72.7,100,-,-,-,-
2026-09-16 20:16:03,31.7,72.7,100,-,-,-,-
2026-09-16 20:16:10,31.7,72.7,100,-,-,-,-
2026-09-16 20:16:17,31.7,72.7,100,-,-,-,-
2026-09-16 20:16:24,31.7,72.7,100,-,-,-,-
2026-09-16 20:16:31,31.7,72.7,100,-,-,-,-
2026-09-16 20:16:37,31.7,72.7,100,-,-,-,-
2026-09-16 20:16:44,31.7,72.7,100,-,-,-,-
2026-09-16 20:16:51,31.7,72.7,100,-,-,-,-
2026-09-16 20:16:58,31.7,72.7,100,-,-,-,-
2026-09-16 20:17:05,31.7,72.7,100,-,-,-,-
2026-09-16 20:17:11,31.7,72.7,100,-,-,-,-
2026-09-16 20:17:18,31.7,72.7,100,-,-,-,-
2026-09-16 20:17:25,31.7,72.7,100,-,-,-,-
2026-09-16 20:17:32,31.7,72.7,100,-,-,-,-
2026-09-16 20:17:39,31.7,72.7,100,-,-,-,-
2026-09-16 20:17:46,31.7,72.7,100,-,-,-,-
2026-09-16 20:17:52,31.7,72.7,100,-,-,-,-
2026-09-16 20:17:59,31.7,72.7,100,-,-,-,-
2026-09-16 20:18:06,31.7,72.4,100,-,-,-,-
2026-09-16 20:18:13,31.7,72.4,100,-,-,-,-
2026-09-16 20:18:20,31.8,72.4,100,-,-,-,-
2026-09-16 20:18:26,31.8,72.4,100,-,-,-,-
2026-09-16 20:18:33,31.8,72.4,100,-,-,-,-
2026-09-16 20:18:40,31.8,72.4,100,-,-,-,-
2026-09-16 20:18:47,31.8,72.4,100,-,-,-,-
2026-09-16 20:18:54,31.8,72.4,100,-,-,-,-
2026-09-16 20:19:00,31.8,72.4,100,-,-,-,-
2026-09-16 20:19:07,31.8,72.4,100,-,-,-,-
2026-09-16 20:19:14,31.8,72.2,100,-,-,-,-
2026-09-16 20:19:21,31.8,72.2,100,-,-,-,-
2026-09-16 20:19:28,31.8,72.2,100,-,-,-,-
2026-09-16 20:19:34,31.8,72.2,100,-,-,-,-
2026-09-16 20:19:41,31.8,72.2,100,-,-,-,-
2026-09-16 20:19:48,31.9,72.2,100,-,-,-,-
2026-09-16 20:19:55,31.9,72.1,100,-,-,-,-
2026-09-16 20:20:02,31.9,72,100,-,-,-,-
2026-09-16 20:20:08,31.9,71.9,100,-,-,-,-
2026-09-16 20:20:15,31.9,71.9,100,-,-,-,-
2026-09-16 20:20:22,31.9,71.9,100,-,-,-,-
2026-09-16 20:20:36,0,71.9,100,0,T=32,0,-
2026-09-16 20:20:54,0,71.9,100,0,T=31.9,0,-
2026-09-16 20:21:12,0,71.9,100,0,T=31.9,0,-
2026-09-16 20:22:26,31.9,72,100,2.08,A,0,lift
2026-09-16 20:22:33,32,71.9,100,2.08,A,0,lift
2026-09-16 20:22:40,32,71.9,100,2.08,A,0,lift
2026-09-16 20:22:46,32,71.9,100,2.08,A,0,smooth
2026-09-16 20:22:53,32,71.9,100,2.08,A,0,smooth
2026-09-16 20:23:00,32,71.9,100,2.08,A,0,smooth
2026-09-16 20:23:07,32,71.9,100,2.08,A,0,smooth
2026-09-16 20:23:14,32,71.9,100,2.08,A,0,smooth
2026-09-16 20:23:20,32,71.9,100,2.08,A,0,smooth
2026-09-16 20:23:27,32,71.9,100,2.08,A,0,smooth
2026-09-16 20:23:34,32,71.9,100,2.08,A,0,smooth
2026-09-16 20:23:41,32,71.9,100,2.08,A,0,smooth
2026-09-16 20:23:48,32,71.9,100,2.08,A,0,smooth
2026-09-16 20:23:54,32,71.9,100,2.08,A,0,smooth
2026-09-16 20:24:01,32,71.9,100,2.08,A,0,smooth
2026-09-16 20:24:08,32,71.9,100,2.08,A,0,smooth
2026-09-16 20:24:15,32,71.9,100,2.08,A,0,smooth
2026-09-16 20:24:22,32,71.9,100,2.08,A,0,smooth
2026-09-16 20:24:29,32,71.9,100,2.08,A,0,smooth
2026-09-16 20:24:35,32,71.9,100,2.08,A,0,smooth
2026-09-16 20:24:42,32,71.9,100,2.08,A,0,lift
2026-09-16 20:24:49,32,71.9,100,2.08,A,0,still
2026-09-16 20:24:56,31.9,71.9,100,2.08,A,0,still
2026-09-16 20:25:03,32,71.9,100,2.08,A,0,still
2026-09-16 20:25:09,32,71.9,100,2.08,A,0,still
2026-09-16 20:25:16,32,71.9,100,2.08,A,0,still
2026-09-16 20:25:23,32,71.9,100,2.08,A,0,still
2026-09-16 20:25:30,32,71.9,100,2.08,A,0,still
2026-09-16 20:25:37,32,71.9,100,2.08,A,0,still
2026-09-16 20:25:43,31.9,71.9,100,2.08,A,0,still
2026-09-16 20:25:50,32,71.9,100,2.08,A,0,still
2026-09-16 20:25:57,32,71.9,100,2.08,A,0,still
2026-09-16 20:26:04,32,71.9,100,2.08,A,0,still
2026-09-16 20:26:11,32,71.9,100,2.08,A,0,still
2026-09-16 20:26:17,32,71.9,100,2.08,A,0,still
2026-09-16 20:26:24,32,71.9,100,2.08,A,0,still
2026-09-16 20:37:49,0,0,100,4.74,A,0,lift
2026-09-16 20:37:56,0,0,100,4.74,A,0,still
2026-09-16 20:38:02,0,0,100,4.74,A,1,lift
2026-09-16 20:38:09,0,0,100,4.74,A,1,still
2026-09-16 20:38:16,0,0,100,4.74,A,1,still
2026-09-16 20:38:23,0,0,100,4.74,A,1,lift
2026-09-16 20:38:30,0,0,100,4.74,A,1,still
2026-09-16 20:38:36,0,0,100,4.74,A,1,still
2026-09-16 20:38:43,0,0,100,4.74,A,1,still
2026-09-16 20:38:50,0,0,100,4.74,A,1,still
2026-09-16 20:38:57,0,0,100,4.74,A,1,still
2026-09-16 20:39:04,0,0,100,4.74,A,1,lift
2026-09-16 20:39:10,0,0,100,4.74,A,1,still
2026-09-16 20:39:17,0,0,100,4.74,A,1,still
2026-09-16 20:39:24,0,0,100,4.74,A,1,still
2026-09-16 20:39:31,0,0,100,4.74,A,2,still
2026-09-16 20:39:38,0,0,100,4.74,A,2,still
2026-09-16 20:39:44,0,0,100,4.74,A,3,still
2026-09-16 20:39:51,0,0,100,4.74,A,3,still
2026-09-16 20:39:58,0,0,100,4.74,A,3,still
2026-09-16 20:40:05,0,0,100,4.74,A,3,still
2026-09-16 20:40:12,0,0,100,4.74,A,3,still
2026-09-16 20:40:18,0,0,100,4.74,A,3,still
2026-09-16 20:40:25,0,0,100,4.74,A,3,still
2026-09-16 20:40:32,0,0,100,4.74,A,3,still
2026-09-16 20:40:39,0,0,100,4.74,A,4,still
2026-09-16 20:40:46,0,0,100,4.74,A,6,impact
2026-09-16 20:40:52,0,0,100,4.74,A,6,rough
2026-09-16 20:40:59,0,0,100,4.74,A,6,still
2026-09-16 20:41:06,0,0,100,4.74,A,6,still
2026-09-16 20:41:13,0,0,100,4.74,A,7,impact
2026-09-16 20:41:20,0,0,100,4.74,A,7,smooth
2026-09-16 20:41:26,0,0,100,4.74,A,8,lift
2026-09-16 20:41:33,0,0,100,4.74,A,8,lift
2026-09-16 20:41:40,0,0,100,4.74,A,8,lift
2026-09-16 20:41:47,0,0,100,4.74,A,8,still
2026-09-16 20:41:54,0,0,100,4.74,A,8,lift
2026-09-16 20:42:01,0,0,100,4.74,A,8,still
2026-09-16 20:42:07,0,0,100,4.74,A,8,still
2026-09-16 20:42:14,0,0,100,4.74,A,8,still
2026-09-16 20:42:21,0,0,100,4.74,A,8,still
2026-09-16 20:42:28,0,0,100,4.74,A,8,still
2026-09-16 20:42:35,0,0,100,4.74,A,8,still
2026-09-16 20:42:41,0,0,100,4.74,A,8,still
2026-09-16 20:42:48,0,0,100,4.74,A,8,smooth
2026-09-16 20:42:55,0,0,100,4.74,A,9,smooth
2026-09-16 20:43:02,0,0,100,4.74,A,9,lift
2026-09-16 20:43:09,0,0,100,4.74,A,9,lift
2026-09-16 20:43:15,0,0,100,4.74,A,10,lift
2026-09-16 20:43:22,0,0,100,4.74,A,11,lift
2026-09-16 20:43:29,0,0,100,4.74,A,11,smooth
2026-09-16 20:43:36,0,0,100,4.74,A,11,lift
2026-09-16 20:43:43,0,0,100,4.74,A,11,lift
2026-09-16 20:43:49,0,0,100,4.74,A,11,smooth
2026-09-16 20:43:56,0,0,100,4.74,A,11,rough
2026-09-16 20:44:03,0,0,100,4.74,A,11,lift
2026-09-16 20:44:10,0,0,100,4.74,A,11,rough
2026-09-16 20:44:17,0,0,100,4.74,A,11,smooth
2026-09-16 20:44:23,0,0,100,4.74,A,11,lift
2026-09-16 20:44:30,0,0,100,4.74,A,11,rough
2026-09-16 20:44:37,0,0,100,4.74,A,11,rough
2026-09-16 20:44:44,0,0,100,4.74,A,11,lift
2026-09-16 20:44:51,0,0,100,4.74,A,11,smooth
2026-09-16 20:44:57,0,0,100,4.74,A,11,lift
2026-09-16 20:45:04,0,0,100,4.74,A,11,rough
2026-09-16 20:45:11,0,0,100,4.74,A,11,lift
2026-09-16 20:45:18,0,0,100,4.74,A,11,lift
2026-09-16 20:45:25,0,0,100,4.74,A,11,rough
2026-09-16 20:45:31,0,0,100,4.74,A,11,rough
2026-09-16 20:45:38,0,0,100,4.74,A,11,rough
2026-09-16 20:45:45,0,0,100,4.74,A,11,rough
2026-09-16 20:45:52,0,0,100,4.74,A,11,rough
2026-09-16 20:45:59,0,0,100,4.74,A,11,rough
2026-09-16 20:46:05,0,0,100,4.74,A,11,lift
2026-09-16 20:46:12,0,0,100,4.74,A,11,lift
2026-09-16 20:46:19,0,0,100,4.74,A,11,lift
2026-09-16 20:46:26,0,0,100,4.74,A,11,lift
2026-09-16 20:46:33,0,0,100,4.74,A,11,lift
2026-09-16 20:46:39,0,0,100,4.74,A,11,lift
2026-09-16 20:46:46,0,0,100,4.74,A,11,lift
2026-09-16 20:46:53,0,0,100,4.74,A,11,lift
2026-09-16 20:47:00,0,0,100,4.74,A,11,lift
2026-09-16 20:47:07,0,0,100,4.74,A,11,lift
2026-09-16 20:47:13,0,0,100,4.74,A,11,lift
2026-09-16 20:47:20,0,0,100,4.74,A,11,lift
2026-09-16 20:47:27,0,0,100,4.74,A,11,lift
2026-09-16 20:47:34,0,0,100,4.74,A,11,lift
2026-09-16 20:47:41,0,0,100,4.74,A,11,lift
2026-09-16 20:47:48,0,0,100,4.74,A,11,lift
2026-09-16 20:47:54,0,0,100,4.74,A,11,lift
2026-09-16 20:48:01,0,0,100,4.74,A,11,lift
2026-09-16 20:48:08,0,0,100,4.74,A,11,lift
2026-09-16 20:48:15,0,0,100,4.74,A,11,lift
2026-09-16 20:48:22,0,0,100,4.74,A,11,lift
2026-09-16 20:48:28,0,0,100,4.74,A,11,lift
2026-09-16 20:48:35,0,0,100,4.74,A,11,lift
2026-09-16 20:48:42,0,0,100,4.74,A,11,lift
2026-09-16 20:48:49,0,0,100,4.74,A,11,lift
2026-09-16 20:48:56,0,0,100,4.74,A,11,lift
2026-09-16 20:49:02,0,0,100,4.74,A,11,lift
2026-09-16 20:49:09,0,0,100,4.74,A,11,lift
2026-09-16 20:49:16,0,0,100,4.74,A,11,lift
2026-09-16 20:49:23,0,0,100,4.74,A,11,lift
2026-09-16 20:49:30,0,0,100,4.74,A,11,lift
2026-09-16 20:49:36,0,0,100,4.74,A,11,rough
2026-09-16 20:49:43,0,0,100,4.74,A,11,rough
2026-09-16 20:49:50,0,0,100,4.74,A,11,lift
2026-09-16 20:49:57,0,0,100,4.74,A,11,rough
2026-09-16 20:50:04,0,0,100,4.74,A,11,rough
2026-09-16 20:50:10,0,0,100,4.74,A,11,rough
2026-09-16 20:50:17,0,0,100,4.74,A,11,rough
2026-09-16 20:50:24,0,0,100,4.74,A,11,rough
2026-09-16 20:50:31,0,0,100,4.74,A,11,lift
2026-09-16 20:50:38,0,0,100,4.74,A,11,lift
2026-09-16 20:50:44,0,0,100,4.74,A,12,impact
2026-09-16 20:50:51,0,0,100,4.74,A,12,lift
2026-09-16 20:50:58,0,0,100,4.74,A,13,still
2026-09-16 20:51:05,0,0,100,4.74,A,13,still
2026-09-16 20:51:12,0,0,100,4.74,A,13,still
2026-09-16 20:51:18,0,0,100,4.74,A,13,still
2026-09-16 20:51:25,0,0,100,4.74,A,14,impact
2026-09-16 20:51:32,0,0,100,4.74,A,14,still
2026-09-16 20:51:39,0,0,100,4.74,A,14,lift
2026-09-16 20:51:46,0,0,100,4.74,A,14,smooth
2026-09-16 20:51:52,0,0,100,4.74,A,14,still
2026-09-16 20:51:59,0,0,100,4.74,A,14,still
2026-09-16 20:52:06,0,0,100,4.74,A,14,still
2026-09-16 20:52:13,0,0,100,4.74,A,14,still
2026-09-16 20:52:20,0,0,100,4.74,A,14,lift
2026-09-16 20:52:26,0,0,100,4.74,A,14,still
2026-09-16 20:52:33,0,0,100,4.74,A,14,still
2026-09-16 20:52:40,0,0,100,4.74,A,14,lift
2026-09-16 20:52:47,0,0,100,4.74,A,14,lift
2026-09-16 20:52:54,0,0,100,4.74,A,14,still
2026-09-16 20:53:00,0,0,100,4.74,A,14,still
2026-09-16 20:53:07,0,0,100,4.74,A,14,still
2026-09-16 20:53:14,0,0,100,4.74,A,14,still
2026-09-16 20:53:21,0,0,100,4.74,A,14,still
2026-09-16 20:53:28,0,0,100,4.74,A,14,still
2026-09-16 20:53:35,0,0,100,4.74,A,14,lift
2026-09-16 20:53:41,0,0,100,4.74,A,14,still
2026-09-16 20:53:48,0,0,100,4.74,A,14,lift
2026-09-16 20:53:55,0,0,100,4.74,A,14,lift
2026-09-16 20:54:02,0,0,100,4.74,A,14,lift
2026-09-16 20:54:09,0,0,100,4.74,A,14,lift
2026-09-16 20:54:15,0,0,100,4.74,A,14,lift
2026-09-16 20:54:22,0,0,100,4.74,A,14,lift
2026-09-16 20:54:29,0,0,100,4.74,A,14,lift
2026-09-16 20:54:36,0,0,100,4.74,A,14,lift
2026-09-16 20:54:43,0,0,100,4.74,A,0,still
2026-09-16 20:54:50,0,0,100,4.74,A,0,still
2026-09-16 20:54:56,0,0,100,4.74,A,0,still
2026-09-16 20:55:03,0,0,100,4.74,A,0,still
2026-09-16 20:55:10,0,0,100,4.74,A,0,still
2026-09-16 20:55:17,0,0,100,4.74,A,0,still
2026-09-16 20:55:24,0,0,100,4.74,A,0,still
2026-09-16 20:55:31,0,0,100,4.74,A,0,still
2026-09-16 20:55:37,0,0,100,4.74,A,0,still
2026-09-16 20:55:44,0,0,100,4.74,A,0,still
2026-09-16 20:55:51,0,0,100,4.74,A,0,still
2026-09-16 20:56:25,0,0,100,4.74,A,0,still
2026-09-16 20:56:31,0,0,100,4.74,A,0,still
2026-09-16 20:56:40,0,0,100,4.74,A,0,still
2026-09-16 20:56:47,0,0,100,4.74,A,0,still
2026-09-16 20:56:53,0,0,100,4.74,A,0,still
2026-09-16 20:57:00,0,0,100,4.74,A,0,still
2026-09-16 20:57:07,0,0,100,4.74,A,0,lift
2026-09-16 20:57:14,0,0,100,4.74,A,0,still
2026-09-16 20:57:21,0,0,100,4.74,A,0,lift
2026-09-16 20:57:27,0,0,100,4.74,A,0,lift
2026-09-16 20:57:34,0,0,100,4.74,A,0,lift
2026-09-16 20:57:41,0,0,100,4.74,A,0,lift
2026-09-16 20:57:48,0,0,100,4.74,A,0,lift
2026-09-16 20:57:55,0,0,100,4.74,A,0,still
2026-09-16 20:58:02,0,0,100,4.74,A,0,lift
2026-09-16 20:58:09,0,0,100,4.74,A,0,still
2026-09-16 20:58:16,0,0,100,4.74,A,0,lift
2026-09-16 20:58:23,0,0,100,4.74,A,0,lift
2026-09-16 20:58:29,0,0,100,4.74,A,0,lift
2026-09-16 20:58:36,0,0,100,4.74,A,0,smooth
2026-09-16 20:58:43,0,0,100,4.74,A,1,smooth
2026-09-16 20:58:50,0,0,100,4.74,A,1,lift
2026-09-16 20:58:57,0,0,100,4.74,A,1,still
2026-09-16 20:59:03,0,0,100,4.74,A,1,still
2026-09-16 20:59:10,0,0,100,4.74,A,1,lift
2026-09-16 20:59:17,0,0,100,4.74,A,1,still
2026-09-16 23:06:37,0,0,100,4.74,A,0,still
2026-09-16 23:06:44,0,0,100,4.74,A,0,still
2026-09-16 23:06:51,0,0,100,4.74,A,0,still
2026-09-16 23:06:58,0,0,100,4.74,A,0,still
2026-09-16 23:07:04,0,0,100,4.74,A,0,still
2026-09-16 23:07:11,0,0,100,4.74,A,0,still
2026-09-16 23:07:18,0,0,100,4.74,A,0,still
2026-09-16 23:07:25,0,0,100,4.74,A,0,still
2026-09-16 23:07:32,0,0,100,4.74,A,0,still
2026-09-16 23:07:35,0,0,100,4.74,A,0,lift
2026-09-16 23:07:42,0,0,100,4.74,A,0,still
2026-09-16 23:07:49,0,0,100,4.74,A,0,still
2026-09-16 23:07:55,0,0,100,4.74,A,0,still
2026-09-16 23:08:02,0,0,100,4.74,A,0,still
2026-09-16 23:08:09,0,0,100,4.74,A,0,still
2026-09-16 23:08:16,0,0,100,4.74,A,0,still
2026-09-16 23:08:23,0,0,100,4.74,A,0,still
2026-09-16 23:08:29,0,0,100,4.74,A,0,still
2026-09-16 23:08:36,0,0,100,4.74,A,0,still
2026-09-16 23:08:43,0,0,100,4.74,A,0,still
2026-09-16 23:08:50,0,0,100,4.74,A,0,still
2026-09-16 23:08:57,0,0,100,4.74,A,0,still
2026-09-16 23:09:03,0,0,100,4.74,A,0,still
2026-09-16 23:09:31,0,0,100,4.74,A,0,still
2026-09-16 23:09:37,0,0,100,4.74,A,0,still
2026-09-16 23:09:44,0,0,100,4.74,A,0,still
2026-09-16 23:09:51,0,0,100,4.74,A,0,still
2026-09-16 23:09:58,0,0,100,4.74,A,0,still
2026-09-16 23:11:33,0,0,100,4.74,A,0,still
2026-09-16 23:11:40,0,0,100,4.74,A,0,still
2026-09-16 23:11:47,0,0,100,4.74,A,0,still
2026-09-16 23:11:53,0,0,100,4.74,A,0,still
2026-09-16 23:12:00,0,0,100,4.74,A,0,still
2026-09-16 23:12:07,0,0,100,4.74,A,0,still
2026-09-16 23:12:14,0,0,100,4.74,A,0,still
2026-09-16 23:12:21,0,0,100,4.74,A,0,still
2026-09-16 23:12:28,0,0,100,4.74,A,0,still
2026-09-16 23:12:34,0,0,100,4.74,A,0,still
2026-09-16 23:12:41,0,0,100,4.74,A,0,lift
2026-09-16 23:12:48,0,0,100,4.74,A,0,still
2026-09-16 23:12:55,0,0,100,4.74,A,0,still
2026-09-16 23:13:02,0,0,100,4.74,A,0,still
2026-09-16 23:13:08,0,0,100,4.74,A,0,still
2026-09-16 23:13:15,0,0,100,4.74,A,0,still
2026-09-16 23:13:22,0,0,100,4.74,A,0,still
2026-09-16 23:13:29,0,0,100,4.74,A,0,still
2026-09-16 23:13:36,0,0,100,4.74,A,0,still
2026-09-16 23:13:42,0,0,100,4.74,A,0,still
2026-09-16 23:13:49,0,0,100,4.74,A,0,still
2026-09-16 23:13:56,0,0,100,4.74,A,0,still
2026-09-16 23:14:03,0,0,100,4.74,A,0,still
2026-09-16 23:14:10,0,0,100,4.74,A,0,still
2026-09-16 23:14:16,0,0,100,4.74,A,0,still
2026-09-16 23:14:23,0,0,100,4.74,A,0,still
2026-09-16 23:14:30,0,0,100,4.74,A,0,still
2026-09-16 23:14:37,0,0,100,4.74,A,0,still
2026-09-16 23:14:44,0,0,100,4.74,A,0,still
2026-09-16 23:14:50,0,0,100,4.74,A,0,still
2026-09-16 23:14:57,0,0,100,4.74,A,0,still
2026-09-16 23:15:04,0,0,100,4.74,A,0,still
2026-09-16 23:15:11,0,0,100,4.74,A,0,still
2026-09-16 23:15:18,0,0,100,4.74,A,0,still
2026-09-16 23:15:24,0,0,100,4.74,A,0,still
2026-09-16 23:15:31,0,0,100,4.74,A,0,still
2026-09-16 23:15:38,0,0,100,4.74,A,0,still
2026-09-16 23:15:45,0,0,100,4.74,A,0,still
2026-09-16 23:15:52,0,0,100,4.74,A,0,still
2026-09-16 23:15:58,0,0,100,4.74,A,0,still
2026-09-16 23:16:05,0,0,100,4.74,A,0,still
2026-09-16 23:16:12,0,0,100,4.74,A,0,still
2026-09-16 23:16:19,0,0,100,4.74,A,0,still
2026-09-16 23:16:26,0,0,100,4.74,A,0,still
2026-09-16 23:16:32,0,0,100,4.74,A,0,still
2026-09-16 23:16:39,0,0,100,4.74,A,0,still
2026-09-16 23:16:46,0,0,100,4.74,A,0,still
2026-09-16 23:16:53,0,0,100,4.74,A,0,still
2026-09-16 23:17:13,0,0,100,4.74,A,0,still
2026-09-16 23:17:20,0,0,100,4.74,A,0,still
2026-09-16 23:17:27,0,0,100,4.74,A,0,still
2026-09-16 23:17:34,0,0,100,4.74,A,0,still
2026-09-16 23:17:41,0,0,100,4.74,A,0,still
2026-09-16 23:17:47,0,0,100,4.74,A,0,still
2026-09-16 23:17:54,0,0,100,4.74,A,0,still
2026-09-16 23:18:15,0,0,100,4.74,A,0,still
2026-09-16 23:18:21,0,0,100,4.74,A,0,still
2026-09-17 01:01:22,30.8,75,100,2.13,A,3,still
2026-09-17 01:01:29,30.8,75,100,2.13,A,3,still
2026-09-17 01:01:35,30.8,75.5,100,2.13,A,3,still
2026-09-17 01:01:42,30.8,75.5,100,2.13,A,3,still
2026-09-17 01:01:49,30.8,75.5,100,2.13,A,3,still
2026-09-17 01:01:56,30.8,75.1,100,2.13,A,3,still
2026-09-17 01:02:03,30.8,75.1,100,2.13,A,3,still
2026-09-17 01:02:09,30.8,75.5,100,2.13,A,3,still
2026-09-17 01:02:16,30.8,75.5,100,2.13,A,3,still
2026-09-17 01:02:23,30.9,75,100,2.12,A,3,still
2026-09-17 01:02:30,30.8,74.9,100,2.13,A,3,still
2026-09-17 21:58:38,31.9,71.1,100,2.08,A,0,still
2026-09-17 21:58:45,31.9,71.1,100,2.08,A,0,still
2026-09-17 21:58:51,31.9,71.1,100,2.08,A,0,still
2026-09-17 21:58:58,31.9,71.1,100,2.08,A,0,still
2026-09-17 21:59:05,31.9,71.1,100,2.08,A,0,still
2026-09-17 21:59:12,31.9,71.1,100,2.08,A,0,still
2026-09-17 21:59:19,31.9,71.1,100,2.08,A,0,still
2026-09-17 21:59:25,31.8,71.2,100,2.09,A,0,still
2026-09-17 21:59:32,31.8,71.2,100,2.09,A,0,still
2026-09-17 21:59:39,31.8,71.2,100,2.09,A,0,still
2026-09-17 21:59:46,31.8,70.8,100,2.09,A,0,still
2026-09-17 21:59:53,31.8,70.8,100,2.09,A,0,still
2026-09-17 22:00:00,31.8,70.8,100,2.09,A,0,still
2026-09-17 22:00:06,31.8,70.8,100,2.09,A,0,still
2026-09-17 22:00:13,31.8,70.8,100,2.09,A,0,still
2026-09-17 22:00:20,31.8,70.8,100,2.09,A,0,still
2026-09-17 22:00:27,31.8,70.8,100,2.09,A,0,still
2026-09-17 22:00:34,31.8,70.8,100,2.09,A,0,still
2026-09-17 22:00:40,31.8,70.8,100,2.09,A,0,still
2026-09-17 22:00:47,31.8,70.8,100,2.09,A,0,still
2026-09-17 22:00:54,31.8,70.8,100,2.09,A,0,still
2026-09-17 22:01:01,31.8,70.8,100,2.09,A,0,still
2026-09-17 22:01:08,31.8,70.8,100,2.09,A,0,still
2026-09-17 22:01:14,31.8,70.8,100,2.09,A,0,still
2026-09-17 22:01:21,31.8,70.8,100,2.09,A,0,still
2026-09-17 22:01:28,31.8,70.8,100,2.09,A,0,still
2026-09-17 22:01:35,31.8,70.8,100,2.09,A,0,still
2026-09-17 22:01:42,31.8,70.8,100,2.09,A,0,still
2026-09-17 22:01:48,31.8,70.8,100,2.09,A,0,still
2026-09-17 22:01:55,31.8,70.8,100,2.09,A,0,still
2026-09-17 22:02:02,31.8,70.8,100,2.09,A,0,still
2026-09-17 22:02:09,31.8,70.8,100,2.09,A,0,still
2026-09-17 22:02:16,31.8,70.8,100,2.09,A,0,still
2026-09-17 22:02:22,31.8,70.8,100,2.09,A,0,still
2026-09-17 22:02:29,31.8,70.8,100,2.09,A,0,still
2026-09-17 22:02:36,31.8,70.8,100,2.09,A,0,still
2026-09-17 22:02:43,31.8,70.8,100,2.09,A,0,still
2026-09-17 22:02:50,31.8,70.8,100,2.09,A,0,still
2026-09-17 22:02:57,31.8,70.8,100,2.09,A,0,still
2026-09-17 22:03:03,31.6,71.3,100,2.09,A,0,still
2026-09-17 22:03:10,31.6,71.3,100,2.09,A,0,still
2026-09-17 22:03:17,31.6,71.3,100,2.09,A,0,still
2026-09-17 22:03:24,31.6,71.3,100,2.09,A,0,still
2026-09-17 22:03:31,31.6,71.3,100,2.09,A,0,still
2026-09-17 22:03:37,31.6,71.3,100,2.09,A,0,still
2026-09-17 22:03:44,31.6,71.3,100,2.09,A,0,still
2026-09-17 22:03:51,31.6,71.3,100,2.09,A,0,still
2026-09-17 22:03:58,31.6,71.3,100,2.09,A,0,still
2026-09-17 22:04:05,31.6,71.3,100,2.09,A,0,still
2026-09-17 22:04:11,31.6,71.3,100,2.09,A,0,still
2026-09-17 22:04:18,31.6,71.3,100,2.09,A,0,still
2026-09-17 22:04:25,31.6,71.3,100,2.09,A,0,still
2026-09-17 22:04:32,31.6,71.3,100,2.09,A,0,still
2026-09-17 22:04:39,31.6,71.3,100,2.09,A,0,still
2026-09-17 22:04:45,31.6,71.3,100,2.09,A,0,still
2026-09-17 22:04:52,31.6,71.3,100,2.09,A,0,still
2026-09-17 22:04:59,31.6,71.3,100,2.09,A,0,still
2026-09-17 22:05:06,31.6,71.3,100,2.09,A,0,still
2026-09-17 22:05:13,31.6,71.3,100,2.09,A,0,still
2026-09-17 22:05:19,31.6,71.3,100,2.09,A,0,still
2026-09-17 22:05:26,31.6,71.3,100,2.09,A,0,still
2026-09-17 22:05:33,31.6,71.3,100,2.09,A,0,still
2026-09-17 22:05:40,31.6,71.3,100,2.09,A,0,still
2026-09-17 22:05:47,31.6,71.3,100,2.09,A,0,still
2026-09-17 22:05:54,31.6,71.3,100,2.09,A,0,still
2026-09-17 22:06:00,31.6,71.3,100,2.09,A,0,still
2026-09-17 22:06:07,31.5,71.6,100,2.1,A,0,still
2026-09-17 22:06:14,31.5,71.5,100,2.1,A,0,still
2026-09-17 22:06:21,31.5,71.5,100,2.1,A,0,still
2026-09-17 22:06:28,31.5,71.5,100,2.1,A,0,still
2026-09-17 22:06:34,31.5,71.5,100,2.1,A,0,still
2026-09-17 22:06:41,31.5,71.5,100,2.1,A,0,still
2026-09-17 22:06:48,31.5,71.5,100,2.1,A,0,still
2026-09-17 22:06:55,31.5,71.5,100,2.1,A,0,still
2026-09-17 22:07:02,31.5,71.5,100,2.1,A,0,still
2026-09-17 22:07:08,31.5,71.5,100,2.1,A,0,still
2026-09-17 22:07:15,31.5,71.5,100,2.1,A,0,still
2026-09-17 22:07:22,31.5,71.5,100,2.1,A,0,still
2026-09-17 22:07:29,31.5,71.5,100,2.1,A,0,still
2026-09-17 22:07:36,31.5,71.5,100,2.1,A,0,still
2026-09-17 22:07:42,31.5,71.5,100,2.1,A,0,still
2026-09-17 22:07:49,31.5,71.5,100,2.1,A,0,still
2026-09-17 22:07:56,31.5,71.5,100,2.1,A,0,still
2026-09-17 22:08:03,31.5,71.5,100,2.1,A,0,still
2026-09-17 22:08:10,31.4,71.6,100,2.1,A,0,still
2026-09-17 22:08:17,31.4,71.6,100,2.1,A,0,still
2026-09-17 22:08:23,31.4,71.6,100,2.1,A,0,still
2026-09-17 22:08:30,31.4,71.6,100,2.1,A,0,still
2026-09-17 22:08:37,31.4,71.6,100,2.1,A,0,still
2026-09-17 22:08:44,31.4,71.6,100,2.1,A,0,still
2026-09-17 22:08:51,31.4,71.6,100,2.1,A,0,still
2026-09-17 22:08:57,31.4,71.6,100,2.1,A,0,still
2026-09-17 22:09:04,31.4,71.7,100,2.1,A,0,still
2026-09-17 22:09:11,31.4,71.7,100,2.1,A,0,still
2026-09-17 22:09:18,31.4,71.7,100,2.1,A,0,still
2026-09-17 22:09:25,31.4,71.7,100,2.1,A,0,still
2026-09-17 22:09:31,31.4,71.7,100,2.1,A,0,still
2026-09-17 22:09:38,31.4,71.7,100,2.1,A,0,still
2026-09-17 22:09:45,31.4,71.7,100,2.1,A,0,still
2026-09-17 22:09:52,31.4,71.7,100,2.1,A,0,still
2026-09-17 22:09:59,31.4,71.7,100,2.1,A,0,still
2026-09-17 22:10:05,31.4,71.7,100,2.1,A,0,still
2026-09-17 22:10:12,31.4,71.7,100,2.1,A,0,still
2026-09-17 22:10:19,31.4,71.7,100,2.1,A,0,still
2026-09-17 22:10:26,31.4,71.7,100,2.1,A,0,still
2026-09-17 22:10:33,31.4,71.7,100,2.1,A,0,still
2026-09-17 22:10:39,31.4,71.7,100,2.1,A,0,still
2026-09-17 22:10:46,31.4,71.7,100,2.1,A,0,still
2026-09-17 22:10:53,31.4,71.7,100,2.1,A,0,still
2026-09-17 22:11:00,31.4,71.7,99.9,2.1,A,0,still
2026-09-17 22:11:07,31.4,71.7,99.9,2.1,A,0,still
2026-09-17 22:11:14,31.4,71.7,99.9,2.1,A,0,still
2026-09-17 22:11:20,31.4,71.7,99.9,2.1,A,0,still
2026-09-17 22:11:27,31.4,71.7,99.9,2.1,A,0,still
2026-09-17 22:11:34,31.4,71.7,99.9,2.1,A,0,still
2026-09-17 22:11:41,31.4,71.7,99.9,2.1,A,0,still
2026-09-17 22:11:48,31.4,71.7,99.9,2.1,A,0,still
2026-09-17 22:11:54,31.4,71.7,99.9,2.1,A,0,still
2026-09-17 22:12:01,31.4,71.7,99.9,2.1,A,0,still
2026-09-17 22:12:08,31.4,71.7,99.9,2.1,A,0,still
2026-09-17 22:12:15,31.4,71.7,99.9,2.1,A,0,still
2026-09-17 22:12:22,31.4,71.7,99.9,2.1,A,0,still
2026-09-17 22:12:28,31.4,71.7,99.9,2.1,A,0,still
2026-09-17 22:12:35,31.4,71.7,99.9,2.1,A,0,still
2026-09-17 22:12:42,31.4,71.7,99.9,2.1,A,0,still
2026-09-17 22:12:49,31.4,71.7,99.9,2.1,A,0,still
2026-09-17 22:12:56,31.4,71.7,99.9,2.1,A,0,still
2026-09-17 22:13:02,31.4,71.7,99.9,2.1,A,0,still
2026-09-17 22:13:09,31.4,72,99.9,2.1,A,0,still
2026-09-17 22:13:16,31.4,72,99.9,2.1,A,0,still
2026-09-17 22:13:23,31.4,72,99.9,2.1,A,0,still
2026-09-17 22:13:30,31.4,72,99.9,2.1,A,0,still
2026-09-17 22:13:37,31.4,72,99.9,2.1,A,0,still
2026-09-17 22:13:43,31.4,72,99.9,2.1,A,0,still
2026-09-17 22:13:50,31.4,72,99.9,2.1,A,0,still
2026-09-17 22:13:57,31.4,72,99.9,2.1,A,0,still
2026-09-17 22:14:04,31.4,72,99.9,2.1,A,0,still
2026-09-17 22:14:11,31.4,72,99.9,2.1,A,0,still
2026-09-17 22:14:17,31.4,72,99.9,2.1,A,0,still
2026-09-17 22:14:24,31.4,72,99.9,2.1,A,0,still
2026-09-17 22:14:31,31.4,72,99.9,2.1,A,0,still
2026-09-17 22:14:38,31.4,72,99.9,2.1,A,0,still
2026-09-17 22:14:45,31.4,72,99.9,2.1,A,0,still
2026-09-17 22:14:51,31.4,72,99.9,2.1,A,0,still
2026-09-17 22:14:58,31.4,72,99.9,2.1,A,0,still
2026-09-17 22:15:05,31.4,72,99.9,2.1,A,0,still
2026-09-17 22:15:12,31.4,72,99.9,2.1,A,0,still
2026-09-17 22:15:19,31.4,72,99.9,2.1,A,0,still
2026-09-17 22:15:25,31.4,72,99.9,2.1,A,0,still
2026-09-17 22:15:32,31.4,72,99.9,2.1,A,0,still
2026-09-17 22:15:39,31.4,72,99.9,2.1,A,0,still
2026-09-17 22:15:46,31.4,72,99.9,2.1,A,0,still
2026-09-17 22:15:53,31.4,72,99.9,2.1,A,0,still
2026-09-17 22:15:59,31.4,72,99.9,2.1,A,0,still
2026-09-17 22:16:06,31.4,72,99.9,2.1,A,0,still
2026-09-17 22:16:13,31.4,72,99.9,2.1,A,0,still
2026-09-17 22:16:20,31.4,72,99.9,2.1,A,0,still
2026-09-17 22:16:27,31.4,72,99.9,2.1,A,0,still
2026-09-17 22:16:34,31.4,72,99.9,2.1,A,0,still
2026-09-17 22:16:40,31.4,72,99.9,2.1,A,0,still
2026-09-17 22:16:47,31.4,72,99.9,2.1,A,0,still
2026-09-17 22:16:54,31.4,72,99.9,2.1,A,0,still
2026-09-17 22:17:01,31.4,72,99.9,2.1,A,0,still
2026-09-17 22:17:08,31.4,72,99.9,2.1,A,0,still
2026-09-17 22:17:14,31.4,72,99.9,2.1,A,0,still
2026-09-17 22:17:21,31.4,72,99.9,2.1,A,0,still
2026-09-17 22:17:28,31.4,72,99.9,2.1,A,0,still
2026-09-17 22:17:35,31.4,72,99.9,2.1,A,0,still
2026-09-17 22:17:42,31.4,72,99.9,2.1,A,0,still
2026-09-17 22:17:48,31.4,72,99.9,2.1,A,0,still
2026-09-17 22:17:55,31.4,72,99.9,2.1,A,0,still
2026-09-17 22:18:02,31.4,72,99.9,2.1,A,0,still
2026-09-17 22:18:09,31.4,72,99.9,2.1,A,0,still
2026-09-17 22:18:16,31.4,72,99.9,2.1,A,0,still
2026-09-17 22:18:22,31.4,72,99.9,2.1,A,0,still
2026-09-17 22:18:29,31.4,72,99.9,2.1,A,0,still
2026-09-17 22:18:36,31.4,72,99.9,2.1,A,0,still
2026-09-17 22:18:43,31.4,72,99.9,2.1,A,0,still
2026-09-17 22:18:50,31.4,72,99.9,2.1,A,0,still
2026-09-17 22:18:57,31.4,72,99.9,2.09,A,0,still
2026-09-17 22:19:03,31.4,72,99.9,2.09,A,0,still
2026-09-17 22:19:10,31.4,72,99.9,2.09,A,0,still
2026-09-17 22:19:17,31.4,72,99.9,2.09,A,0,still
2026-09-17 22:19:24,31.4,72,99.9,2.09,A,0,still
2026-09-17 22:19:31,31.4,72,99.9,2.09,A,0,still
2026-09-17 22:19:37,31.4,72,99.9,2.09,A,0,still
2026-09-17 22:19:44,31.4,72,99.9,2.09,A,0,still
2026-09-17 22:19:51,31.4,72,99.9,2.09,A,0,still
2026-09-17 22:19:58,31.4,72,99.9,2.09,A,0,still
2026-09-17 22:20:05,31.4,72,99.9,2.09,A,0,still
2026-09-17 22:20:11,31.4,72,99.9,2.09,A,0,still
2026-09-17 22:20:18,31.4,72,99.9,2.09,A,0,still
2026-09-17 22:20:25,31.4,72,99.9,2.09,A,0,still
2026-09-17 22:20:32,31.4,72,99.9,2.09,A,0,still
2026-09-17 22:20:39,31.4,72,99.9,2.09,A,0,smooth
2026-09-17 22:20:45,31.4,72,99.9,2.09,A,0,smooth
2026-09-17 22:20:52,31.4,72,99.9,2.09,A,0,still
2026-09-17 22:20:59,31.4,72,99.9,2.09,A,0,still
2026-09-17 22:21:06,31.4,72,99.9,2.09,A,0,smooth
2026-09-17 22:21:13,31.4,72,99.9,2.09,A,0,still
2026-09-17 22:21:19,31.4,72,99.9,2.09,A,0,still
2026-09-17 22:21:26,31.4,72,99.9,2.09,A,1,rough
2026-09-17 22:21:33,31.4,72,99.9,2.09,A,2,still
2026-09-17 22:21:40,31.4,72,99.9,2.09,A,2,still
2026-09-17 22:21:47,31.4,72,99.9,2.09,A,5,impact
2026-09-17 22:21:54,31.4,72,99.9,2.09,A,5,impact
2026-09-17 22:22:01,31.4,72,99.9,2.09,A,6,impact
2026-09-17 22:25:09,31.7,71.5,100,2.09,A,1,lift
2026-09-17 22:25:16,31.7,71.5,100,2.09,A,2,impact
2026-09-17 22:25:23,31.7,71.5,100,2.09,A,2,smooth
2026-09-17 22:25:30,31.7,71.5,100,2.09,A,3,lift
2026-09-17 22:25:37,31.7,71.5,100,2.09,A,5,impact
2026-09-17 22:29:42,31.8,71.9,100,2.09,A,0,still
2026-09-17 22:29:49,31.8,71.9,100,2.09,A,0,still
2026-09-17 22:29:56,31.8,71.9,100,2.09,A,0,lift
2026-09-17 22:30:03,31.8,71.9,100,2.09,A,0,still
2026-09-17 22:30:09,31.9,71.3,100,2.08,A,1,smooth
2026-09-17 22:30:16,31.9,71.3,100,2.08,A,2,impact
2026-09-17 22:30:23,31.8,71.4,100,2.09,A,2,still
2026-09-17 22:30:37,31.8,71.4,100,2.09,A,7,smooth
2026-09-17 22:30:43,31.8,71.5,100,2.09,A,7,lift
2026-09-17 22:30:50,31.8,71.5,100,2.09,A,9,impact
2026-09-17 22:30:57,31.7,71.6,100,2.09,A,10,impact
2026-09-17 22:31:04,31.7,71.6,100,2.09,A,10,impact
2026-09-17 22:31:11,31.7,72.2,100,2.09,A,10,impact
2026-09-17 22:31:17,31.7,72.2,100,2.09,A,12,impact
2026-09-17 22:31:24,31.7,72.2,100,2.09,A,12,impact
2026-09-17 22:31:31,31.7,72.2,100,2.09,A,12,impact
2026-09-17 22:31:38,31.7,72.2,100,2.09,A,12,impact
2026-09-17 22:31:45,31.6,71.6,100,2.1,A,12,impact
2026-09-17 22:31:52,31.6,71.6,100,2.1,A,12,impact
2026-09-17 22:31:58,31.6,71.6,100,2.1,A,12,impact
2026-09-17 22:32:05,31.5,71.9,100,2.1,A,12,impact
2026-09-17 22:32:12,31.5,72.2,100,2.1,A,12,impact
2026-09-17 22:32:19,31.4,72.2,100,2.1,A,12,impact
2026-09-17 22:32:26,31.4,72.2,100,2.1,A,12,impact
2026-09-17 22:32:32,31.3,72.4,100,2.11,A,12,impact
2026-09-17 22:32:39,31.3,72.4,100,2.11,A,12,impact
2026-09-17 22:32:46,31.3,72.4,100,2.11,A,12,impact
2026-09-17 22:32:53,31.3,72.7,100,2.11,A,12,impact
2026-09-17 22:33:00,31.3,72.8,100,2.11,A,12,impact
2026-09-17 22:33:06,31.2,72.8,100,2.11,A,12,impact
2026-09-17 22:33:13,31.2,72.8,100,2.11,A,12,impact
2026-09-17 22:33:20,31.2,72.8,100,2.11,A,12,impact
2026-09-17 22:33:27,31.2,72.8,100,2.11,A,12,impact
2026-09-17 22:33:34,31.2,72.8,100,2.11,A,12,impact
2026-09-17 22:33:40,31.2,72.8,100,2.11,A,12,impact
2026-09-17 22:33:47,31.1,73.1,100,2.11,A,12,impact
2026-09-17 22:33:54,31.1,73.1,100,2.11,A,12,impact
2026-09-17 22:34:01,31.1,73.1,100,2.11,A,12,impact
2026-09-17 22:34:08,31.1,73.1,100,2.11,A,12,impact
2026-09-17 22:34:15,31.1,73.3,100,2.11,A,12,impact
2026-09-17 22:34:21,31,73.4,100,2.12,A,12,impact
2026-09-17 22:34:28,31,73.4,100,2.12,A,12,impact
2026-09-17 22:34:35,31,73.4,100,2.12,A,12,impact
2026-09-17 22:34:42,31,73.5,100,2.12,A,12,impact
2026-09-17 22:34:49,31,73.5,100,2.12,A,12,impact
2026-09-17 22:34:55,31,73.5,100,2.12,A,12,impact
2026-09-17 22:35:02,31,73.6,100,2.12,A,12,impact
2026-09-17 22:35:09,31,73.6,100,2.12,A,12,impact
2026-09-17 22:35:16,31,73.6,100,2.12,A,12,impact
2026-09-17 22:35:23,31,73.6,100,2.12,A,12,impact
2026-09-17 22:35:29,31,73.6,100,2.12,A,12,impact
2026-09-17 22:35:36,31,73.7,100,2.12,A,12,impact
2026-09-17 22:35:43,31,73.6,100,2.12,A,12,impact
2026-09-17 22:35:50,31,73.6,100,2.12,A,12,impact
2026-09-17 22:35:57,31,73.6,100,2.12,A,12,impact
2026-09-17 22:36:03,31,73.6,100,2.12,A,12,impact
2026-09-17 22:36:10,31,73.6,100,2.12,A,12,impact
2026-09-17 22:36:17,31,73.6,100,2.12,A,12,impact
2026-09-17 22:36:24,31,73.6,100,2.12,A,12,impact
2026-09-17 22:36:31,31,73.6,100,2.12,A,12,impact
2026-09-17 22:36:37,31,73.6,100,2.12,A,12,impact
2026-09-17 22:36:44,31,73.7,100,2.12,A,12,impact
2026-09-17 22:36:51,31,73.7,100,2.12,A,12,impact
2026-09-17 22:36:58,31,73.7,100,2.12,A,12,impact
2026-09-17 22:37:05,31,73.7,100,2.12,A,12,impact
2026-09-17 22:37:11,31,73.7,100,2.12,A,12,impact
2026-09-17 22:37:18,31,73.7,100,2.12,A,12,impact
2026-09-17 22:37:25,31,73.7,100,2.12,A,12,impact
2026-09-17 22:37:32,31,73.7,100,2.12,A,12,impact
2026-09-17 22:37:39,31,73.7,100,2.12,A,12,impact
2026-09-17 22:37:45,31,73.7,100,2.12,A,12,impact
2026-09-17 22:37:52,31,73.7,100,2.12,A,12,impact
2026-09-17 22:37:59,31,73.7,100,2.12,A,12,impact
2026-09-17 22:38:06,31,73.7,100,2.11,A,12,impact
2026-09-17 22:38:13,31.1,73.7,100,2.11,A,12,impact
2026-09-17 22:38:19,31.1,73.5,100,2.11,A,12,impact
2026-09-17 22:38:26,31.1,73.4,100,2.11,A,12,impact
2026-09-17 23:05:27,31.5,72.9,100,2.1,A,0,still
2026-09-17 23:05:34,31.5,72.9,100,2.1,A,0,still
2026-09-17 23:05:41,31.5,72.9,100,2.1,A,0,still
2026-09-17 23:05:48,31.5,72.9,100,2.1,A,0,still
2026-09-17 23:05:55,31.5,72.9,100,2.1,A,0,still
2026-09-17 23:06:01,31.5,72.9,100,2.1,A,0,still
2026-09-17 23:06:08,31.5,72.9,100,2.1,A,0,still
2026-09-17 23:06:15,31.5,72.9,100,2.1,A,0,still
2026-09-17 23:06:22,31.5,72.9,100,2.1,A,0,still
2026-09-17 23:06:29,31.5,72.9,100,2.1,A,0,still
2026-09-17 23:06:35,31.5,72.9,100,2.1,A,0,still
2026-09-17 23:06:42,31.5,72.9,100,2.1,A,0,still
2026-09-17 23:06:49,31.5,72.9,100,2.1,A,0,still
2026-09-17 23:06:56,31.5,72.9,100,2.1,A,0,still
2026-09-17 23:07:03,31.5,72.9,100,2.1,A,0,still
2026-09-17 23:07:09,31.5,72.9,100,2.1,A,0,still
2026-09-17 23:07:16,31.5,72.9,100,2.1,A,0,still
2026-09-17 23:07:23,31.5,72.9,100,2.1,A,0,still
2026-09-17 23:07:30,31.5,72.9,100,2.1,A,0,still
2026-09-17 23:07:37,31.5,72.9,100,2.1,A,0,still
2026-09-17 23:07:44,31.5,72.9,100,2.1,A,0,still
2026-09-17 23:07:50,31.5,72.9,100,2.1,A,0,still
2026-09-17 23:07:57,31.5,72.9,100,2.1,A,0,still
2026-09-17 23:08:04,31.5,72.9,100,2.1,A,0,still
2026-09-17 23:08:11,31.5,72.9,100,2.1,A,0,still
2026-09-17 23:08:18,31.5,72.9,100,2.1,A,0,still
2026-09-17 23:08:24,31.5,72.9,100,2.1,A,0,still
2026-09-17 23:08:31,31.5,72.9,100,2.1,A,0,still
2026-09-17 23:08:38,31.5,72.9,100,2.1,A,0,still
2026-09-17 23:08:45,31.5,72.9,100,2.1,A,0,still
2026-09-17 23:08:52,31.5,72.9,100,2.1,A,0,still
2026-09-17 23:08:58,31.5,72.9,100,2.1,A,0,still
2026-09-17 23:09:05,31.5,72.9,100,2.1,A,0,still
2026-09-17 23:09:12,31.5,72.9,100,2.1,A,0,still
2026-09-17 23:09:19,31.5,72.9,100,2.1,A,0,still
2026-09-17 23:09:26,31.5,72.9,100,2.1,A,0,still
2026-09-17 23:09:32,31.5,72.9,100,2.1,A,0,still
2026-09-17 23:09:39,31.5,72.9,100,2.1,A,0,still
2026-09-17 23:09:46,31.5,72.9,100,2.1,A,0,still
2026-09-17 23:09:53,31.5,72.9,100,2.1,A,0,still
2026-09-17 23:10:00,31.5,72.9,100,2.1,A,0,still
2026-09-17 23:10:07,31.5,72.9,100,2.1,A,0,still
2026-09-17 23:10:13,31.5,72.9,100,2.1,A,0,still
2026-09-17 23:10:20,31.5,72.9,100,2.1,A,0,still
2026-09-17 23:10:27,31.5,72.9,100,2.1,A,0,still
2026-09-17 23:10:34,31.5,72.9,100,2.1,A,0,still
2026-09-17 23:10:41,31.5,72.9,100,2.1,A,0,still
2026-09-17 23:10:47,31.5,72.9,100,2.1,A,0,still
2026-09-17 23:10:54,31.5,72.9,100,2.1,A,0,still
2026-09-17 23:11:01,31.5,72.9,100,2.1,A,0,still
2026-09-17 23:11:08,31.5,72.9,100,2.1,A,0,still
2026-09-17 23:11:15,31.5,72.9,100,2.1,A,0,still
2026-09-17 23:11:21,31.5,72.9,100,2.1,A,0,still
2026-09-17 23:11:28,31.5,72.9,100,2.1,A,0,still
2026-09-17 23:11:35,31.5,72.9,100,2.1,A,0,still
2026-09-17 23:11:42,31.5,72.4,100,2.1,A,0,still
2026-09-17 23:11:49,31.5,72.4,100,2.1,A,0,still
2026-09-17 23:11:55,31.5,72.4,100,2.1,A,0,still
2026-09-17 23:12:02,31.5,72.4,100,2.1,A,0,still
2026-09-17 23:12:09,31.5,72.4,100,2.1,A,0,still
2026-09-17 23:12:16,31.5,72.4,100,2.1,A,0,still
2026-09-17 23:12:23,31.5,72.4,100,2.1,A,0,still
2026-09-17 23:12:29,31.5,72.4,100,2.1,A,0,still
2026-09-17 23:12:36,31.5,72.4,100,2.1,A,0,still
2026-09-17 23:12:43,31.5,72.4,100,2.1,A,0,still
2026-09-17 23:12:50,31.5,72.4,100,2.1,A,0,still
2026-09-17 23:12:57,31.5,72.4,100,2.1,A,0,still
2026-09-17 23:13:04,31.5,72.4,100,2.1,A,0,still
2026-09-17 23:13:10,31.5,72.4,100,2.1,A,0,still
2026-09-17 23:13:17,31.5,72.4,100,2.1,A,0,still
2026-09-17 23:13:24,31.5,72.4,100,2.1,A,0,still
2026-09-17 23:13:31,31.5,72.4,100,2.1,A,0,still
2026-09-17 23:13:38,31.5,72.4,100,2.1,A,0,still
2026-09-17 23:13:44,31.5,72.4,100,2.1,A,0,still
2026-09-17 23:13:51,31.5,72.4,100,2.1,A,0,still
2026-09-17 23:13:58,31.5,73.6,100,2.1,A,0,still
2026-09-17 23:14:05,31.5,73.6,100,2.1,A,0,still
2026-09-17 23:14:12,31.5,73.6,100,2.1,A,0,still
2026-09-17 23:14:18,31.5,73.6,100,2.1,A,0,still
2026-09-17 23:14:25,31.5,73.6,100,2.1,A,0,still
2026-09-17 23:14:32,31.5,73.6,100,2.1,A,0,still
2026-09-17 23:14:39,31.5,73.6,100,2.1,A,0,still
2026-09-17 23:14:46,31.5,73.6,100,2.1,A,0,still
2026-09-17 23:14:52,31.5,73.6,100,2.1,A,0,still
2026-09-17 23:14:59,31.5,73.6,100,2.1,A,0,still
2026-09-17 23:15:06,31.5,73.6,100,2.1,A,0,still
2026-09-17 23:15:13,31.5,73.6,100,2.1,A,0,still
2026-09-17 23:15:20,31.5,73.6,100,2.1,A,0,still
2026-09-17 23:15:26,31.5,73.6,100,2.1,A,0,still
2026-09-17 23:15:33,31.5,73.6,100,2.1,A,0,still
2026-09-17 23:15:40,31.5,73.6,100,2.1,A,0,still
2026-09-17 23:15:47,31.5,73.6,100,2.1,A,0,still
2026-09-17 23:15:54,31.5,73.6,100,2.1,A,0,still
2026-09-17 23:16:01,31.5,73.6,100,2.1,A,0,still
2026-09-17 23:16:07,31.5,73.6,100,2.1,A,0,still
2026-09-17 23:16:14,31.5,73.6,100,2.1,A,0,still
2026-09-17 23:16:21,31.5,73.6,100,2.1,A,0,smooth
2026-09-17 23:16:28,31.5,73.6,100,2.1,A,0,still
2026-09-17 23:16:35,31.5,73.6,100,2.1,A,0,still
2026-09-17 23:16:41,31.5,73.6,100,2.1,A,0,still
2026-09-17 23:16:48,31.5,73.6,100,2.1,A,0,still
2026-09-17 23:16:55,31.5,73.6,100,2.1,A,0,still
2026-09-17 23:17:02,31.5,73.6,100,2.09,A,0,still
2026-09-17 23:17:09,31.5,73.6,100,2.09,A,0,still
2026-09-17 23:17:15,31.5,73.6,100,2.09,A,0,still
2026-09-17 23:17:22,31.5,73.6,100,2.09,A,0,still
2026-09-17 23:17:29,31.5,73.6,100,2.09,A,0,still
2026-09-17 23:17:36,31.5,73.6,100,2.09,A,0,still
2026-09-17 23:17:43,31.5,73.6,100,2.09,A,0,still
2026-09-17 23:17:49,31.5,73.6,100,2.09,A,0,still
2026-09-17 23:17:56,31.5,73.6,100,2.09,A,0,still
2026-09-17 23:18:03,31.5,73.6,100,2.09,A,0,still
2026-09-17 23:18:10,31.5,73,99.9,2.09,A,0,still
2026-09-17 23:18:17,31.5,73,99.9,2.09,A,0,still
2026-09-17 23:18:24,31.5,73,99.9,2.09,A,0,still
2026-09-17 23:18:30,31.5,73,99.9,2.09,A,0,still
2026-09-17 23:18:37,31.5,73,99.9,2.09,A,0,still
2026-09-17 23:18:44,31.5,73,99.9,2.09,A,0,still
2026-09-17 23:18:51,31.5,73,99.9,2.09,A,0,still
2026-09-17 23:18:58,31.5,73,99.9,2.09,A,0,still
2026-09-17 23:19:04,31.5,73,99.9,2.09,A,0,still
2026-09-17 23:19:11,31.5,73,99.9,2.09,A,0,still
2026-09-17 23:19:18,31.5,73,99.9,2.09,A,0,still
2026-09-17 23:19:25,31.5,73,99.9,2.09,A,0,still
2026-09-17 23:19:32,31.5,73,99.9,2.09,A,0,still
2026-09-17 23:19:38,31.5,73,99.9,2.09,A,0,still
2026-09-17 23:19:45,31.5,73,99.9,2.09,A,0,still
2026-09-17 23:19:52,31.5,73,99.9,2.09,A,0,still
2026-09-17 23:19:59,31.5,73,99.9,2.09,A,0,still
2026-09-17 23:20:06,31.5,73,99.9,2.09,A,0,still
2026-09-17 23:20:12,31.5,73,99.9,2.09,A,0,still
2026-09-17 23:20:19,31.5,73,99.9,2.09,A,0,still
2026-09-17 23:20:26,31.5,73,99.9,2.09,A,0,still
2026-09-17 23:20:33,31.5,73,99.9,2.09,A,0,still
2026-09-17 23:20:40,31.5,73,99.9,2.09,A,0,still
2026-09-17 23:20:46,31.5,73,99.9,2.09,A,0,still
2026-09-17 23:20:53,31.5,73,99.9,2.09,A,0,still
2026-09-17 23:21:00,31.5,73,99.9,2.09,A,0,still
2026-09-17 23:21:07,31.5,73,99.9,2.09,A,0,still
2026-09-17 23:21:14,31.5,73,99.9,2.09,A,0,still
2026-09-17 23:21:21,31.5,73,99.9,2.09,A,0,still
2026-09-17 23:21:27,31.5,73,99.9,2.09,A,0,still
2026-09-17 23:21:34,31.5,73,99.9,2.09,A,0,still
2026-09-17 23:21:41,31.5,73,99.9,2.09,A,0,still
2026-09-17 23:21:48,31.5,73,99.9,2.09,A,0,still
2026-09-17 23:21:55,31.5,73,99.9,2.09,A,0,still
2026-09-17 23:22:01,31.5,73,99.9,2.09,A,0,still
2026-09-17 23:22:08,31.5,73,99.9,2.09,A,0,still
2026-09-17 23:22:15,31.5,73,99.9,2.09,A,0,still
2026-09-17 23:22:22,31.5,73,99.9,2.09,A,0,still
2026-09-17 23:22:29,31.5,73,99.9,2.09,A,0,still
2026-09-17 23:22:35,31.5,73,99.9,2.09,A,0,still
2026-09-17 23:22:42,31.5,73,99.9,2.09,A,0,still
2026-09-17 23:22:49,31.5,73,99.9,2.09,A,0,still
2026-09-17 23:22:56,31.5,73,99.9,2.09,A,0,still
2026-09-17 23:23:03,31.5,73,99.9,2.09,A,0,still
2026-09-17 23:23:09,31.5,73,99.9,2.09,A,0,still
2026-09-17 23:23:16,31.5,73,99.9,2.09,A,0,still
2026-09-17 23:23:23,31.5,73,99.9,2.09,A,0,still
2026-09-17 23:23:30,31.5,73,99.9,2.09,A,0,still
2026-09-17 23:23:37,31.5,73,99.9,2.09,A,0,still
2026-09-17 23:23:43,31.6,72.9,99.9,2.09,A,0,still
2026-09-17 23:23:50,31.6,72.9,99.9,2.09,A,0,still
2026-09-17 23:23:57,31.6,72.9,99.9,2.09,A,0,still
2026-09-17 23:24:04,31.6,72.9,99.9,2.09,A,0,still
2026-09-17 23:24:11,31.6,72.9,99.9,2.09,A,0,still
2026-09-17 23:24:18,31.6,73.2,99.9,2.09,A,0,still
2026-09-17 23:24:24,31.6,73.2,99.9,2.09,A,0,still
2026-09-17 23:24:31,31.6,73.2,99.9,2.09,A,0,still
2026-09-17 23:24:38,31.6,73.2,99.9,2.09,A,0,still
2026-09-17 23:24:45,31.6,73.2,99.9,2.09,A,0,still
2026-09-17 23:24:52,31.6,73.2,99.9,2.09,A,0,still
2026-09-17 23:24:58,31.6,73.2,99.9,2.09,A,0,still
2026-09-17 23:25:05,31.6,73.2,99.9,2.09,A,0,still
2026-09-17 23:25:12,31.6,73.2,99.9,2.09,A,0,still
2026-09-17 23:25:19,31.6,73.2,99.9,2.09,A,0,still
2026-09-17 23:25:26,31.6,73.2,99.9,2.09,A,0,still
2026-09-17 23:25:32,31.6,73.2,99.9,2.09,A,0,still
2026-09-17 23:25:39,31.6,73.2,99.9,2.09,A,0,still
2026-09-17 23:25:46,31.6,73.2,99.9,2.09,A,0,still
2026-09-17 23:25:53,31.6,73.2,99.9,2.09,A,0,still
2026-09-17 23:26:00,31.6,73.2,99.9,2.09,A,0,still
2026-09-17 23:26:06,31.6,73.2,99.9,2.09,A,0,still
2026-09-17 23:26:13,31.6,73.2,99.9,2.09,A,0,still
2026-09-17 23:26:20,31.6,73.2,99.9,2.09,A,0,still
2026-09-17 23:26:27,31.6,73.2,99.9,2.09,A,0,still
2026-09-17 23:26:34,31.6,73.2,99.9,2.09,A,0,still
2026-09-17 23:26:41,31.6,73.2,99.9,2.09,A,0,still
2026-09-17 23:26:47,31.6,73.2,99.9,2.09,A,0,still
2026-09-17 23:26:54,31.6,73.2,99.9,2.09,A,0,still
2026-09-17 23:27:01,31.6,73.2,99.9,2.09,A,0,still
2026-09-17 23:27:08,31.6,73.2,99.9,2.09,A,0,still
2026-09-17 23:27:15,31.6,73.2,99.9,2.09,A,0,still
2026-09-17 23:27:21,31.6,73.2,99.9,2.09,A,0,still
2026-09-17 23:27:28,31.6,73.2,99.9,2.09,A,0,still
2026-09-17 23:27:35,31.6,73.2,99.9,2.09,A,0,still
2026-09-17 23:27:42,31.6,73.2,99.9,2.09,A,0,still
2026-09-17 23:27:49,31.6,73.2,99.9,2.09,A,0,still
2026-09-17 23:27:55,31.6,73.2,99.9,2.09,A,0,still
2026-09-17 23:28:02,31.6,73.2,99.9,2.09,A,0,still
2026-09-17 23:28:09,31.6,73.2,99.9,2.09,A,0,still
2026-09-17 23:28:16,31.6,73.2,99.9,2.09,A,0,still
2026-09-17 23:28:23,31.6,73.2,99.9,2.09,A,0,still
2026-09-17 23:28:29,31.6,73.2,99.9,2.09,A,0,still
2026-09-17 23:28:36,31.6,73.2,99.9,2.09,A,0,still
2026-09-17 23:28:43,31.6,73.2,99.9,2.09,A,0,still
2026-09-17 23:28:50,31.6,73.2,99.9,2.09,A,0,still
2026-09-17 23:28:57,31.6,73.2,99.9,2.09,A,0,still
2026-09-17 23:29:04,31.6,73.2,99.9,2.09,A,0,still
2026-09-17 23:29:10,31.6,73.2,99.9,2.09,A,0,still
2026-09-17 23:29:17,31.7,72.8,99.9,2.08,A,0,still
2026-09-17 23:29:24,31.7,72.8,99.9,2.08,A,0,still
2026-09-17 23:29:31,31.7,72.8,99.9,2.08,A,0,still
2026-09-17 23:29:38,31.7,72.8,99.9,2.08,A,0,still
2026-09-17 23:29:44,31.7,72.8,99.9,2.08,A,0,still
2026-09-17 23:29:51,31.7,72.8,99.9,2.08,A,0,still
2026-09-17 23:29:58,31.7,72.8,99.9,2.08,A,0,still
2026-09-17 23:30:05,31.7,72.8,99.9,2.08,A,0,still
2026-09-17 23:30:12,31.7,72.8,99.9,2.08,A,0,still
2026-09-17 23:30:18,31.7,73,99.9,2.08,A,0,still
2026-09-17 23:30:25,31.7,73,99.9,2.08,A,0,still
2026-09-17 23:30:32,31.7,73,99.9,2.08,A,0,still
2026-09-17 23:30:39,31.7,73,99.9,2.08,A,0,still
2026-09-17 23:30:46,31.7,73,99.9,2.08,A,0,still
2026-09-17 23:30:52,31.7,73,99.9,2.08,A,0,still
2026-09-17 23:30:59,31.7,73,99.9,2.08,A,0,still
2026-09-17 23:31:06,31.7,73,99.9,2.08,A,0,still
2026-09-17 23:31:13,31.7,73,99.9,2.08,A,0,still
2026-09-17 23:31:20,31.7,73,99.9,2.08,A,0,still
2026-09-17 23:31:26,31.7,73,99.9,2.08,A,0,still
2026-09-17 23:31:33,31.7,73,99.9,2.08,A,0,still
2026-09-17 23:31:40,31.7,73,99.9,2.08,A,0,still
2026-09-17 23:31:47,31.7,73,99.9,2.08,A,0,still
2026-09-17 23:31:54,31.7,73,99.9,2.08,A,0,still
2026-09-17 23:32:01,31.7,73,99.9,2.08,A,0,still
2026-09-17 23:32:07,31.7,73,99.9,2.08,A,0,still
2026-09-17 23:32:14,31.7,73,99.9,2.08,A,0,still
2026-09-18 00:11:14,31.7,73.2,100,2.09,A,0,still
2026-09-18 00:11:21,31.7,73.2,100,2.09,A,0,still
2026-09-18 00:11:28,31.7,73.2,100,2.09,A,0,still
2026-09-18 00:11:35,31.7,73.2,100,2.09,A,0,still
2026-09-18 00:11:42,31.7,73.2,100,2.09,A,0,still
2026-09-18 00:11:48,31.7,73.2,100,2.09,A,0,still
2026-09-18 00:11:55,31.7,73.2,100,2.09,A,0,still
2026-09-18 00:12:02,31.7,73.2,100,2.09,A,0,still
2026-09-18 00:12:09,31.7,73.2,100,2.09,A,0,still
2026-09-18 00:12:16,31.7,73.2,100,2.09,A,0,still
2026-09-18 00:12:22,31.7,73.2,100,2.09,A,0,still
2026-09-18 00:12:29,31.7,73.2,100,2.09,A,0,still
2026-09-18 00:12:36,31.7,73.2,100,2.09,A,0,still
2026-09-18 00:12:43,31.7,73.2,100,2.09,A,0,still
2026-09-18 00:12:50,31.7,73.2,100,2.09,A,0,still
2026-09-18 00:12:56,31.7,73.2,100,2.09,A,0,still
2026-09-18 00:13:03,31.7,73.2,100,2.09,A,0,still
2026-09-18 00:13:10,31.7,73.2,100,2.09,A,0,still
2026-09-18 00:13:17,31.7,73.2,100,2.09,A,0,still
2026-09-18 00:13:24,31.7,73.2,100,2.09,A,0,still
2026-09-18 00:13:30,31.7,73.2,100,2.09,A,0,still
2026-09-18 00:13:37,31.7,73.2,100,2.09,A,0,still
2026-09-18 00:13:44,31.7,73.2,100,2.09,A,0,still
2026-09-18 00:13:51,31.7,73.2,100,2.09,A,0,still
2026-09-18 00:13:58,31.7,73.2,100,2.09,A,0,still
2026-09-18 00:14:04,31.7,73.2,100,2.09,A,0,still
2026-09-18 00:14:11,31.7,73.2,100,2.09,A,0,still
2026-09-18 00:14:18,31.7,73.2,100,2.09,A,0,still
2026-09-18 00:14:25,31.7,73.2,100,2.09,A,0,still
2026-09-18 00:14:32,31.7,73.2,100,2.09,A,0,still
2026-09-18 00:14:39,31.7,73.2,100,2.09,A,0,still
2026-09-18 00:14:45,31.7,73.2,100,2.09,A,0,still
2026-09-18 00:14:52,31.7,73.2,100,2.09,A,0,still
2026-09-18 00:14:59,31.7,73.2,100,2.09,A,0,still
2026-09-18 00:15:06,31.6,73.3,100,2.09,A,0,still
2026-09-18 00:15:13,31.6,73.3,100,2.09,A,0,still
2026-09-18 00:15:19,31.6,73.3,100,2.09,A,0,still
2026-09-18 00:15:26,31.6,73.3,100,2.09,A,0,still
2026-09-18 00:15:33,31.6,73.3,100,2.09,A,0,still
2026-09-18 00:15:40,31.6,73.9,100,2.09,A,0,still
2026-09-18 00:15:47,31.6,73.9,100,2.09,A,0,still
2026-09-18 00:15:53,31.6,73.9,100,2.09,A,0,still
2026-09-18 00:16:00,31.6,73.9,100,2.09,A,0,still
2026-09-18 00:16:07,31.6,73.9,100,2.09,A,0,still
2026-09-18 00:16:14,31.6,73.9,100,2.09,A,0,still
2026-09-18 00:16:21,31.6,73.9,100,2.09,A,0,still
2026-09-18 00:16:27,31.6,73.9,100,2.09,A,0,still
2026-09-18 00:16:34,31.6,73.9,100,2.09,A,0,still
2026-09-18 00:16:41,31.6,73.9,100,2.09,A,0,still
2026-09-18 00:16:48,31.6,73.9,100,2.09,A,0,still
2026-09-18 00:16:55,31.6,73.9,100,2.09,A,0,still
2026-09-18 00:17:01,31.6,73.9,100,2.09,A,0,still
2026-09-18 00:17:08,31.6,73.9,100,2.09,A,0,still
2026-09-18 00:17:15,31.6,73.9,100,2.09,A,0,still
2026-09-18 00:17:22,31.6,73.9,100,2.09,A,0,still
2026-09-18 00:17:29,31.6,73.9,100,2.09,A,0,still
2026-09-18 00:17:36,31.6,73.9,100,2.09,A,0,still
2026-09-18 00:17:42,31.6,73.9,100,2.09,A,0,still
2026-09-18 00:17:49,31.6,73.9,100,2.09,A,0,still
2026-09-18 00:17:56,31.6,73.9,100,2.09,A,0,still
2026-09-18 00:18:03,31.6,73.9,100,2.09,A,0,still
2026-09-18 00:18:10,31.6,73.9,100,2.09,A,0,still
2026-09-18 00:18:16,31.6,73.9,100,2.09,A,0,still
2026-09-18 00:18:23,31.6,73.9,100,2.09,A,0,still
2026-09-18 00:18:30,31.7,73.1,100,2.09,A,0,still
2026-09-18 00:18:37,31.7,73.1,100,2.09,A,0,still
2026-09-18 00:18:44,31.7,73.1,100,2.09,A,0,still
2026-09-18 00:18:50,31.7,73.1,100,2.09,A,0,still
2026-09-18 00:18:57,31.7,73.1,100,2.09,A,0,still
2026-09-18 00:19:04,31.7,73.1,100,2.09,A,0,still
2026-09-18 00:19:11,31.7,73.1,100,2.09,A,0,still
2026-09-18 00:19:18,31.6,73.3,100,2.09,A,0,still
2026-09-18 00:19:24,31.7,73.5,100,2.09,A,0,still
2026-09-18 00:19:31,31.7,73.5,100,2.09,A,0,still
2026-09-18 00:19:38,31.7,73.5,100,2.09,A,0,still
2026-09-18 00:19:45,31.7,73.5,100,2.09,A,0,still
2026-09-18 00:19:52,31.7,73.5,100,2.09,A,0,still
2026-09-18 00:19:59,31.7,73.5,100,2.09,A,0,still
2026-09-18 00:20:05,31.7,73.5,100,2.09,A,0,still
2026-09-18 00:20:12,31.7,73.5,100,2.09,A,0,still
2026-09-18 00:20:19,31.7,73.5,100,2.09,A,0,still
2026-09-18 00:20:26,31.7,73.5,100,2.09,A,0,still
2026-09-18 00:20:33,31.7,73.5,100,2.09,A,0,still
2026-09-18 00:20:39,31.7,73.5,100,2.09,A,0,still
2026-09-18 00:20:46,31.7,73.5,100,2.09,A,0,still
2026-09-18 00:20:53,31.7,73.5,100,2.09,A,0,still
2026-09-18 00:21:00,31.7,73.5,100,2.09,A,0,still
2026-09-18 00:21:07,31.7,73.5,100,2.09,A,0,still
2026-09-18 00:21:13,31.7,73.5,100,2.09,A,0,still
2026-09-18 00:21:20,31.7,73.5,100,2.09,A,0,still
2026-09-18 00:21:27,31.7,73.5,100,2.09,A,0,still
2026-09-18 00:21:34,31.7,73.5,100,2.09,A,0,still
2026-09-18 00:21:41,31.7,73.5,100,2.09,A,0,still
2026-09-18 00:21:47,31.7,73.5,100,2.09,A,0,still
2026-09-18 00:21:54,31.7,73.5,100,2.09,A,0,still
2026-09-18 00:22:01,31.7,73.5,100,2.09,A,0,still
2026-09-18 00:22:08,31.7,73.5,100,2.09,A,0,still
2026-09-18 00:22:15,31.7,73.5,100,2.09,A,0,still
2026-09-18 00:22:21,31.7,73.5,100,2.09,A,0,still
2026-09-18 00:22:28,31.7,73.5,100,2.09,A,0,still
2026-09-18 00:22:35,31.7,73.5,100,2.09,A,0,still
2026-09-18 00:22:42,31.7,73.5,100,2.09,A,0,still
2026-09-18 00:22:49,31.7,73.5,100,2.09,A,0,still
2026-09-18 00:22:56,31.7,73.5,100,2.09,A,0,still
2026-09-18 00:23:02,31.7,73.5,100,2.09,A,0,still
2026-09-18 00:23:09,31.7,73.5,100,2.09,A,0,still
2026-09-18 00:23:16,31.7,73.5,100,2.09,A,0,still
2026-09-18 00:23:23,31.5,73.4,100,2.09,A,0,still
2026-09-18 00:23:30,31.5,73.4,100,2.09,A,0,still
2026-09-18 00:23:36,31.5,73.4,99.9,2.09,A,0,still
2026-09-18 00:23:43,31.5,73.4,99.9,2.09,A,0,still
2026-09-18 00:23:50,31.5,73.4,99.9,2.09,A,0,still
2026-09-18 00:23:57,31.5,73.4,99.9,2.09,A,0,still
2026-09-18 00:24:04,31.5,73.4,99.9,2.09,A,0,still
2026-09-18 00:24:10,31.5,73.4,99.9,2.09,A,0,still
2026-09-18 00:24:17,31.5,73.4,99.9,2.09,A,0,still
2026-09-18 00:24:24,31.5,73.4,99.9,2.09,A,0,still
2026-09-18 00:24:31,31.5,73.4,99.9,2.09,A,0,still
2026-09-18 00:24:38,31.5,73.4,99.9,2.09,A,0,still
2026-09-18 00:24:44,31.5,73.4,99.9,2.09,A,0,still
2026-09-18 00:24:51,31.5,73.4,99.9,2.09,A,0,still
2026-09-18 00:24:58,31.5,73.4,99.9,2.09,A,0,still
2026-09-18 00:25:05,31.5,73.4,99.9,2.09,A,0,still
2026-09-18 00:25:12,31.5,73.4,99.9,2.09,A,0,still
2026-09-18 00:25:18,31.5,73.5,99.9,2.09,A,0,still
2026-09-18 00:25:25,31.5,73.4,99.9,2.09,A,0,still
2026-09-18 00:25:32,31.5,73.4,99.9,2.09,A,0,still
2026-09-18 00:25:39,31.5,73.4,99.9,2.09,A,0,still
2026-09-18 00:25:46,31.5,73.4,99.9,2.09,A,0,still
2026-09-18 00:25:53,31.5,73.4,99.9,2.09,A,0,still
2026-09-18 00:25:59,31.5,73.4,99.9,2.09,A,0,still
2026-09-18 00:26:06,31.5,73.4,99.9,2.09,A,0,still
2026-09-18 00:26:13,31.5,73.5,99.9,2.09,A,0,still
2026-09-18 00:26:20,31.5,73.5,99.9,2.09,A,0,still
2026-09-18 00:26:27,31.5,73.5,99.9,2.09,A,0,still
2026-09-18 00:26:33,31.5,73.5,99.9,2.09,A,0,still
2026-09-18 00:26:40,31.5,73.5,99.9,2.09,A,0,still
2026-09-18 00:26:47,31.5,73.5,99.9,2.09,A,0,still
2026-09-18 00:26:54,31.5,73.5,99.9,2.09,A,0,still
2026-09-18 00:27:01,31.5,73.5,99.9,2.09,A,0,still
2026-09-18 00:27:07,31.5,73.5,99.9,2.09,A,0,still
2026-09-18 00:27:14,31.5,73.5,99.9,2.09,A,0,still
2026-09-18 00:27:21,31.5,73.7,99.9,2.09,A,0,still
2026-09-18 00:27:28,31.5,73.7,99.9,2.09,A,0,still
2026-09-18 00:27:35,31.5,73.7,99.9,2.09,A,0,still
2026-09-18 00:27:41,31.5,73.7,99.9,2.09,A,0,still
2026-09-18 00:27:48,31.5,73.7,99.9,2.09,A,0,still
2026-09-18 00:27:55,31.4,73.7,99.9,2.1,A,0,still
2026-09-18 00:28:02,31.4,73.7,99.9,2.1,A,0,still
2026-09-18 00:28:09,31.4,73.7,99.9,2.1,A,0,still
2026-09-18 00:28:16,31.4,73.7,99.9,2.1,A,0,still
2026-09-18 00:28:22,31.4,73.7,99.9,2.1,A,0,still
2026-09-18 00:28:29,31.4,73.7,99.9,2.1,A,0,still
2026-09-18 00:28:36,31.4,73.7,99.9,2.1,A,0,still
2026-09-18 00:28:43,31.4,73.7,99.9,2.1,A,0,still
2026-09-18 00:28:50,31.4,73.7,99.9,2.1,A,0,still
2026-09-18 00:28:56,31.4,73.8,99.9,2.1,A,0,still
2026-09-18 00:29:03,31.4,73.8,99.9,2.1,A,0,still
2026-09-18 00:29:10,31.4,73.8,99.9,2.1,A,0,still
2026-09-18 00:29:17,31.4,73.8,99.9,2.1,A,0,still
2026-09-18 00:29:24,31.4,73.8,99.9,2.1,A,0,still
2026-09-18 00:29:30,31.4,73.8,99.9,2.1,A,0,still
2026-09-18 00:29:37,31.4,73.8,99.9,2.1,A,0,still
2026-09-18 00:29:44,31.4,73.7,99.9,2.1,A,0,still
2026-09-18 00:29:51,31.4,73.7,99.9,2.1,A,0,still
2026-09-18 00:29:58,31.4,73.7,99.9,2.1,A,0,still
2026-09-18 00:30:04,31.4,73.7,99.9,2.1,A,0,still
2026-09-18 00:30:11,31.4,73.7,99.9,2.1,A,0,still
2026-09-18 00:30:18,31.4,73.7,99.9,2.1,A,0,still
2026-09-18 00:30:25,31.4,73.7,99.9,2.1,A,0,still
2026-09-18 00:30:32,31.4,73.7,99.9,2.1,A,0,still
2026-09-18 00:30:38,31.4,73.7,99.9,2.1,A,0,still
2026-09-18 00:30:45,31.4,73.7,99.9,2.1,A,0,still
2026-09-18 00:30:52,31.4,73.7,99.9,2.1,A,0,still
2026-09-18 00:30:59,31.4,73.7,99.9,2.1,A,0,still
2026-09-18 00:31:06,31.4,73.7,99.9,2.1,A,0,still
2026-09-18 00:31:13,31.4,73.7,99.9,2.1,A,0,still
2026-09-18 00:31:19,31.4,73.7,99.9,2.1,A,0,still
2026-09-18 00:31:26,31.4,73.7,99.9,2.1,A,0,still
2026-09-18 00:31:33,31.4,73.7,99.9,2.09,A,0,still
2026-09-18 00:31:40,31.4,73.7,99.9,2.09,A,0,still
2026-09-18 00:31:47,31.4,73.7,99.9,2.09,A,0,still
2026-09-18 00:31:53,31.4,73.7,99.9,2.09,A,0,still
2026-09-18 00:32:00,31.4,73.7,99.9,2.09,A,0,still
2026-09-18 00:32:07,31.4,73.7,99.9,2.09,A,0,still
2026-09-18 00:32:14,31.4,73.7,99.9,2.09,A,0,still
2026-09-18 00:32:21,31.4,73.7,99.9,2.09,A,0,still
2026-09-18 00:32:27,31.4,73.7,99.9,2.09,A,0,still
2026-09-18 00:32:34,31.4,73.7,99.9,2.09,A,0,still
2026-09-18 00:32:41,31.4,73.7,99.9,2.09,A,0,still
2026-09-18 00:32:48,31.4,73.7,99.9,2.09,A,0,still
2026-09-18 00:32:55,31.4,73.7,99.9,2.09,A,0,still
2026-09-18 00:33:01,31.4,73.7,99.9,2.09,A,0,still
2026-09-18 00:33:08,31.4,73.7,99.9,2.09,A,0,still
2026-09-18 00:33:15,31.4,73.7,99.9,2.09,A,0,still
2026-09-18 00:33:22,31.4,73.7,99.9,2.09,A,0,still
2026-09-18 00:33:29,31.4,73.7,99.9,2.09,A,0,still
2026-09-18 00:33:36,31.4,73.7,99.9,2.09,A,0,still
2026-09-18 00:33:42,31.4,73.7,99.9,2.09,A,0,still
2026-09-18 00:33:49,31.4,73.7,99.9,2.09,A,0,still
2026-09-18 00:33:56,31.4,73.7,99.9,2.09,A,0,still
2026-09-18 00:34:03,31.4,73.7,99.9,2.09,A,0,still
2026-09-18 00:34:10,31.4,73.7,99.9,2.09,A,0,still
2026-09-18 00:34:16,31.4,73.7,99.9,2.09,A,0,still
2026-09-18 00:34:23,31.4,73.8,99.9,2.09,A,0,still
2026-09-18 00:34:30,31.4,73.8,99.9,2.09,A,0,still
2026-09-18 00:34:37,31.4,73.8,99.9,2.09,A,0,still
2026-09-18 00:34:44,31.4,73.8,99.9,2.09,A,0,still
2026-09-18 00:34:50,31.4,73.8,99.9,2.09,A,0,still
2026-09-18 00:34:57,31.4,73.8,99.9,2.09,A,0,still
2026-09-18 00:35:04,31.4,73.8,99.9,2.09,A,0,still
2026-09-18 00:35:11,31.4,73.8,99.9,2.09,A,0,still
2026-09-18 00:35:18,31.4,73.8,99.9,2.09,A,0,still
2026-09-18 00:35:24,31.4,73.7,99.9,2.09,A,0,still
2026-09-18 00:35:31,31.4,73.8,99.9,2.09,A,0,still
2026-09-18 00:35:38,31.4,73.8,99.9,2.09,A,0,still
2026-09-18 00:35:45,31.4,73.8,99.9,2.09,A,0,still
2026-09-18 00:35:52,31.4,73.8,99.9,2.09,A,0,still
2026-09-18 00:35:58,31.4,73.8,99.9,2.09,A,0,still
2026-09-18 00:36:05,31.4,73.8,99.9,2.09,A,0,still
2026-09-18 00:36:12,31.4,73.8,99.9,2.09,A,0,still
2026-09-18 00:36:19,31.4,73.8,99.9,2.09,A,0,still
2026-09-18 00:36:26,31.4,73.8,99.9,2.09,A,0,still
2026-09-18 00:36:33,31.4,73.8,99.9,2.09,A,0,still
2026-09-18 00:36:39,31.4,73.8,99.9,2.09,A,0,still
2026-09-18 00:36:46,31.4,73.8,99.9,2.09,A,0,still
2026-09-18 00:36:53,31.4,73.7,99.9,2.09,A,0,still
2026-09-18 00:37:00,31.4,73.7,99.9,2.09,A,0,still
2026-09-18 00:37:07,31.4,73.7,99.9,2.09,A,0,still
2026-09-18 00:37:13,31.4,73.8,99.9,2.09,A,0,still
2026-09-18 00:37:20,31.4,73.8,99.9,2.09,A,0,still
2026-09-18 00:37:27,31.4,73.8,99.9,2.09,A,0,still
2026-09-18 00:37:34,31.4,73.8,99.9,2.09,A,0,still
2026-09-18 00:37:41,31.4,73.8,99.9,2.09,A,0,still
